{
    "data":{
        "index":{
            "type":"Uint16Array",
            "itemSize":1,
            "vertices":[0,1,2,3,4,5,6,7,8,9,10,11,12,13,14,15,16,17,18,19,20,21,22,23,24,25,26,27,28,29,30,31,32,33,34,35,36,37,38,39,40,41,42,43,44,45,46,47,48,49,50,48,51,49,52,51,48,52,53,51,54,53,52,54,55,53,56,55,54,57,58,59,60,61,56,60,62,61,63,62,60,64,65,66,67,68,63,67,69,68,70,71,72,73,74,75,76,77,78,79,80,81,82,83,84,85,86,87,88,89,90,91,92,93,94,95,96,97,98,99,100,101,102,103,104,105,106,107,108,109,110,111,112,113,114,115,116,117,118,119,120,121,122,123,124,125,126,127,128,129,130,131,132,133,134,135,136,137,138,139,140,141,142,143,144,145,146,147,148,149,150,151,152,153,154,155,156,157,158,159,160,161,162,163,164,165,166,167,168,169,170,171,168,172,173,172,174,173,175,176,177,174,178,179,179,178,180,181,182,183,184,183,182,185,186,187,187,186,188,186,189,188,190,191,192,193,194,195,196,197,198,199,200,201,202,203,204,205,206,207,208,209,210,211,212,213,214,215,216,217,218,219,220,221,222,223,224,225,226,227,228,229,230,231,232,233,234,235,236,237,238,239,240,239,241,240,70,242,71,73,243,74,244,245,246,79,247,80,82,248,83,85,249,86,88,250,89,91,251,92,94,252,95,97,253,98,100,254,101,103,255,104,256,257,258,109,259,110,112,260,113,115,261,116,118,262,119,121,263,122,264,265,266,127,267,128,130,268,131,133,269,134,136,270,137,139,271,140,142,272,143,145,273,146,148,274,149,151,275,152,154,276,155,277,278,279,160,280,161,163,281,164]
        },
        "attributes":{
            "position":{
                "type":"Float32Array",
                "itemSize":3,
                "vertices":[0.169566,0.162611,0.766027,0.18656,0.162611,0.766027,0.178063,0.162611,0.76519,0.169566,0.162611,0.766027,0.19473,0.162611,0.768506,0.18656,0.162611,0.766027,0.161395,0.162611,0.768506,0.19473,0.162611,0.768506,0.169566,0.162611,0.766027,0.161395,0.162611,0.768506,0.20226,0.162611,0.772531,0.19473,0.162611,0.768506,0.153865,0.162611,0.772531,0.20226,0.162611,0.772531,0.161395,0.162611,0.768506,0.153865,0.162611,0.772531,0.20886,0.162611,0.777947,0.20226,0.162611,0.772531,0.147265,0.162611,0.777947,0.20886,0.162611,0.777947,0.153865,0.162611,0.772531,0.147265,0.162611,0.777947,0.214277,0.162611,0.784547,0.20886,0.162611,0.777947,0.214277,0.162611,0.784547,0.147265,0.162611,0.777947,0.141849,0.162611,0.784547,0.141849,0.162611,0.784547,0.218302,0.162611,0.792077,0.214277,0.162611,0.784547,0.137824,0.162611,0.792077,0.218302,0.162611,0.792077,0.141849,0.162611,0.784547,0.137824,0.162611,0.792077,0.22078,0.162611,0.800248,0.218302,0.162611,0.792077,0.135345,0.162611,0.800248,0.22078,0.162611,0.800248,0.137824,0.162611,0.792077,0.135345,0.162611,0.800248,0.221617,0.162611,0.808745,0.22078,0.162611,0.800248,0.134508,0.162611,0.808745,0.221617,0.162611,0.808745,0.135345,0.162611,0.800248,0.134508,0.162611,0.808745,0.22078,0.162611,0.817242,0.221617,0.162611,0.808745,0.135345,0.162611,0.817242,0.22078,0.162611,0.817242,0.134508,0.162611,0.808745,0.218302,0.162611,0.825412,0.137824,0.162611,0.825413,0.214277,0.162611,0.832942,0.141849,0.162611,0.832942,0.208861,0.162611,0.839543,0.147265,0.162611,0.839543,0.147265,0.162611,0.839543,0.20226,0.162611,0.844959,0.208861,0.162611,0.839543,0.153865,0.162611,0.844959,0.20226,0.162611,0.844959,0.19473,0.162611,0.848984,0.161395,0.162611,0.848984,0.161395,0.162611,0.848984,0.18656,0.162611,0.851463,0.19473,0.162611,0.848984,0.169566,0.162611,0.851463,0.18656,0.162611,0.851463,0.178063,0.162611,0.852299,0.153865,0.162611,0.772531,0.147265,0.156074,0.777947,0.147265,0.162611,0.777947,0.161395,0.162611,0.768506,0.153865,0.156074,0.772531,0.153865,0.162611,0.772531,0.169566,0.162611,0.766027,0.161395,0.156074,0.768506,0.161395,0.162611,0.768506,0.178063,0.162611,0.76519,0.169566,0.156074,0.766027,0.169566,0.162611,0.766027,0.18656,0.162611,0.766027,0.178063,0.156074,0.76519,0.178063,0.162611,0.76519,0.18656,0.162611,0.766027,0.19473,0.156074,0.768506,0.18656,0.156074,0.766027,0.19473,0.162611,0.768506,0.20226,0.156074,0.772531,0.19473,0.156074,0.768506,0.20886,0.162611,0.777947,0.20226,0.156074,0.772531,0.20226,0.162611,0.772531,0.20886,0.162611,0.777947,0.214277,0.156074,0.784547,0.20886,0.156074,0.777947,0.218302,0.162611,0.792077,0.214277,0.156074,0.784547,0.214277,0.162611,0.784547,0.22078,0.162611,0.800248,0.218302,0.156074,0.792077,0.218302,0.162611,0.792077,0.221617,0.162611,0.808745,0.22078,0.156074,0.800248,0.22078,0.162611,0.800248,0.22078,0.162611,0.817242,0.221617,0.156074,0.808745,0.221617,0.162611,0.808745,0.218302,0.162611,0.825412,0.22078,0.156074,0.817242,0.22078,0.162611,0.817242,0.214277,0.162611,0.832942,0.218302,0.156074,0.825412,0.218302,0.162611,0.825412,0.208861,0.162611,0.839543,0.214277,0.156074,0.832942,0.214277,0.162611,0.832942,0.20226,0.162611,0.844959,0.208861,0.156074,0.839543,0.208861,0.162611,0.839543,0.20226,0.162611,0.844959,0.19473,0.156074,0.848984,0.20226,0.156074,0.844959,0.18656,0.162611,0.851463,0.19473,0.156074,0.848984,0.19473,0.162611,0.848984,0.178063,0.162611,0.852299,0.18656,0.156074,0.851463,0.18656,0.162611,0.851463,0.169566,0.162611,0.851463,0.178063,0.156074,0.852299,0.178063,0.162611,0.852299,0.161395,0.162611,0.848984,0.169566,0.156074,0.851463,0.169566,0.162611,0.851463,0.153865,0.162611,0.844959,0.161395,0.156074,0.848984,0.161395,0.162611,0.848984,0.147265,0.162611,0.839543,0.153865,0.156074,0.844959,0.153865,0.162611,0.844959,0.141849,0.162611,0.832942,0.147265,0.156074,0.839543,0.147265,0.162611,0.839543,0.137824,0.162611,0.825413,0.141849,0.156074,0.832942,0.141849,0.162611,0.832942,0.137824,0.162611,0.825413,0.135345,0.156074,0.817242,0.137824,0.156074,0.825413,0.135345,0.162611,0.817242,0.134508,0.156074,0.808745,0.135345,0.156074,0.817242,0.134508,0.162611,0.808745,0.135345,0.156074,0.800248,0.134508,0.156074,0.808745,0.135345,0.162611,0.800248,0.137824,0.156074,0.792077,0.135345,0.156074,0.800248,0.137824,0.162611,0.792077,0.141849,0.156074,0.784547,0.137824,0.156074,0.792077,0.147265,0.162611,0.777947,0.141849,0.156074,0.784547,0.141849,0.162611,0.784547,0.178063,0.156074,0.76519,0.18656,0.156074,0.766027,0.169566,0.156074,0.766027,0.18656,0.156074,0.766027,0.19473,0.156074,0.768506,0.169566,0.156074,0.766027,0.19473,0.156074,0.768506,0.161395,0.156074,0.768506,0.20226,0.156074,0.772531,0.161395,0.156074,0.768506,0.20226,0.156074,0.772531,0.153865,0.156074,0.772531,0.20886,0.156074,0.777947,0.153865,0.156074,0.772531,0.147265,0.156074,0.777947,0.20886,0.156074,0.777947,0.214277,0.156074,0.784547,0.147265,0.156074,0.777947,0.141849,0.156074,0.784547,0.214277,0.156074,0.784547,0.218302,0.156074,0.792077,0.141849,0.156074,0.784547,0.137824,0.156074,0.792077,0.22078,0.156074,0.800248,0.137824,0.156074,0.792077,0.22078,0.156074,0.800248,0.135345,0.156074,0.800248,0.22078,0.156074,0.800248,0.221617,0.156074,0.808745,0.135345,0.156074,0.800248,0.135345,0.156074,0.800248,0.221617,0.156074,0.808745,0.134508,0.156074,0.808745,0.221617,0.156074,0.808745,0.22078,0.156074,0.817242,0.134508,0.156074,0.808745,0.134508,0.156074,0.808745,0.22078,0.156074,0.817242,0.135345,0.156074,0.817242,0.22078,0.156074,0.817242,0.218302,0.156074,0.825412,0.135345,0.156074,0.817242,0.135345,0.156074,0.817242,0.218302,0.156074,0.825412,0.137824,0.156074,0.825413,0.218302,0.156074,0.825412,0.214277,0.156074,0.832942,0.137824,0.156074,0.825413,0.137824,0.156074,0.825413,0.214277,0.156074,0.832942,0.141849,0.156074,0.832942,0.214277,0.156074,0.832942,0.208861,0.156074,0.839543,0.141849,0.156074,0.832942,0.141849,0.156074,0.832942,0.208861,0.156074,0.839543,0.147265,0.156074,0.839543,0.208861,0.156074,0.839543,0.20226,0.156074,0.844959,0.147265,0.156074,0.839543,0.147265,0.156074,0.839543,0.20226,0.156074,0.844959,0.153865,0.156074,0.844959,0.20226,0.156074,0.844959,0.19473,0.156074,0.848984,0.153865,0.156074,0.844959,0.153865,0.156074,0.844959,0.19473,0.156074,0.848984,0.161395,0.156074,0.848984,0.19473,0.156074,0.848984,0.18656,0.156074,0.851463,0.161395,0.156074,0.848984,0.161395,0.156074,0.848984,0.18656,